{
  "logistic_regression": {
    "accuracy": 0.596,
    "precision": 0.5772946859903382,
    "recall": 0.717,
    "f1_score": 0.639607493309545,
    "roc_auc": 0.6322080000000001
  },
  "random_forest": {
    "accuracy": 0.6165,
    "precision": 0.5782404298186703,
    "recall": 0.861,
    "f1_score": 0.691844114102049,
    "roc_auc": 0.635059
  },
  "xgboost": {
    "accuracy": 0.607,
    "precision": 0.5816793893129771,
    "recall": 0.762,
    "f1_score": 0.6597402597402597,
    "roc_auc": 0.635608
  }
}